D03_37_20171201_20160228_disch.120,D03_37_20171201_20160228_disch.120.png
D03_37_20079201_20160228_disch.120,D03_37_20079201_20160228_disch.120.png
D03_37_20170101_20160228_disch.120,D03_37_20170101_20160228_disch.120.png
D03_37_20171301_20160228_disch.120,D03_37_20171301_20160228_disch.120.png
D03_37_20079301_20160228_disch.120,D03_37_20079301_20160228_disch.120.png
D03_37_20172203_20160228_disch.120,D03_37_20172203_20160228_disch.120.png
D03_37_20079101_20160228_disch.120,D03_37_20079101_20160228_disch.120.png
D03_37_20171101_20160228_disch.120,D03_37_20171101_20160228_disch.120.png
D03_37_20170301_20160228_disch.120,D03_37_20170301_20160228_disch.120.png
D03_37_20172403_20160228_disch.120,D03_37_20172403_20160228_disch.120.png
D03_37_20170201_20160228_disch.120,D03_37_20170201_20160228_disch.120.png
